                  epoch,         train/box_loss,         train/cls_loss,         train/dfl_loss,   metrics/precision(B),      metrics/recall(B),       metrics/mAP50(B),    metrics/mAP50-95(B),           val/box_loss,           val/cls_loss,           val/dfl_loss,                 lr/pg0,                 lr/pg1,                 lr/pg2
                      1,                0.78151,                 2.3094,                 1.0538,                0.66524,                0.47941,                0.59268,                0.47028,                0.74118,                 3.0062,                 1.0767,             0.00054304,             0.00054304,             0.00054304
                      2,                0.65185,                 1.5198,                0.97046,                0.68463,                0.61623,                 0.7194,                0.54858,                0.81132,                 2.3716,                 1.0787,             0.00088116,             0.00088116,             0.00088116
                      3,                0.64444,                 1.3005,                0.96684,                0.83145,                0.82574,                 0.8909,                0.71411,                0.72934,                 1.7339,                 1.0394,             0.00099924,             0.00099924,             0.00099924
                      4,                0.59742,                 1.1004,                0.95038,                0.88565,                0.87067,                0.93927,                0.77312,                0.64727,                 1.3993,                 1.0057,              0.0006768,              0.0006768,              0.0006768
                      5,                 0.5761,                 1.0023,                0.94004,                0.89134,                0.88396,                0.93824,                 0.7955,                0.64241,                 1.4908,                0.96456,              0.0006768,              0.0006768,              0.0006768
